ts,kw,rt
2026-09-21T00:00,329.4,507.4
2026-09-21T00:15,323.3,480.3
2026-09-21T00:30,323.2,472.8
2026-09-21T00:45,325.0,508.2
2026-09-21T01:00,336.4,504.2
2026-09-21T01:15,348.4,501.8
2026-09-21T01:30,343.5,519.3
2026-09-21T01:45,350.4,512.2
2026-09-21T02:00,331.2,518.6
2026-09-21T02:15,336.2,516.9
2026-09-21T02:30,320.6,476.5
2026-09-21T02:45,355.5,511.9
2026-09-21T03:00,335.2,488.2
2026-09-21T03:15,327.7,471.5
2026-09-21T03:30,324.6,484.7
2026-09-21T03:45,304.6,476.2
2026-09-21T04:00,316.6,470.4
2026-09-21T04:15,341.7,498.1
2026-09-21T04:30,339.5,512.6
2026-09-21T04:45,332.6,512.4
2026-09-21T05:00,335.1,514.0
2026-09-21T05:15,341.3,517.0
2026-09-21T05:30,328.3,491.4
2026-09-21T05:45,303.4,472.9
2026-09-21T06:00,338.0,497.2
2026-09-21T06:15,325.0,492.4
2026-09-21T06:30,360.2,528.8
2026-09-21T06:45,370.2,579.8
2026-09-21T07:00,368.3,577.3
2026-09-21T07:15,418.2,608.8
2026-09-21T07:30,414.4,624.2
2026-09-21T07:45,386.4,609.8
2026-09-21T08:00,403.0,638.2
2026-09-21T08:15,444.5,650.8
2026-09-21T08:30,460.7,678.9
2026-09-21T08:45,479.7,716.4
2026-09-21T09:00,491.4,740.1
2026-09-21T09:15,472.2,727.3
2026-09-21T09:30,462.8,744.1
2026-09-21T09:45,483.7,740.6
2026-09-21T10:00,526.1,777.6
2026-09-21T10:15,529.6,794.6
2026-09-21T10:30,520.4,798.6
2026-09-21T10:45,510.4,825.9
2026-09-21T11:00,509.9,795.3
2026-09-21T11:15,523.4,817.2
2026-09-21T11:30,507.7,813.0
2026-09-21T11:45,534.0,820.9
2026-09-21T12:00,505.8,822.6
2026-09-21T12:15,548.6,858.9
2026-09-21T12:30,555.0,828.9
2026-09-21T12:45,571.6,854.0
2026-09-21T13:00,557.0,862.4
2026-09-21T13:15,525.7,849.2
2026-09-21T13:30,560.2,876.0
2026-09-21T13:45,522.7,840.2
2026-09-21T14:00,572.2,850.8
2026-09-21T14:15,553.7,836.0
2026-09-21T14:30,545.1,844.8
2026-09-21T14:45,550.3,835.3
2026-09-21T15:00,519.6,840.8
2026-09-21T15:15,499.6,792.3
2026-09-21T15:30,493.0,778.2
2026-09-21T15:45,495.2,785.4
2026-09-21T16:00,480.3,776.4
2026-09-21T16:15,519.1,784.1
2026-09-21T16:30,461.8,729.7
2026-09-21T16:45,470.8,747.8
2026-09-21T17:00,456.5,731.2
2026-09-21T17:15,471.0,709.4
2026-09-21T17:30,462.7,688.6
2026-09-21T17:45,473.1,691.1
2026-09-21T18:00,412.3,628.9
2026-09-21T18:15,412.6,613.6
2026-09-21T18:30,383.0,599.2
2026-09-21T18:45,361.5,572.6
2026-09-21T19:00,362.3,563.2
2026-09-21T19:15,379.6,556.5
2026-09-21T19:30,357.2,546.4
2026-09-21T19:45,343.2,503.0
2026-09-21T20:00,327.0,483.8
2026-09-21T20:15,348.3,518.5
2026-09-21T20:30,315.9,493.6
2026-09-21T20:45,335.2,483.1
2026-09-21T21:00,302.7,472.8
2026-09-21T21:15,327.8,500.1
2026-09-21T21:30,325.4,499.9
2026-09-21T21:45,313.7,481.0
2026-09-21T22:00,343.2,505.7
2026-09-21T22:15,320.3,471.4
2026-09-21T22:30,337.9,508.1
2026-09-21T22:45,302.8,474.7
2026-09-21T23:00,333.6,518.9
2026-09-21T23:15,301.2,470.1
2026-09-21T23:30,359.2,515.4
2026-09-21T23:45,352.2,508.0
2026-09-22T00:00,327.4,510.5
2026-09-22T00:15,330.2,488.9
2026-09-22T00:30,344.4,504.4
2026-09-22T00:45,325.0,504.6
2026-09-22T01:00,339.8,489.8
2026-09-22T01:15,325.6,502.2
2026-09-22T01:30,340.8,490.9
2026-09-22T01:45,310.7,483.1
2026-09-22T02:00,345.2,510.6
2026-09-22T02:15,324.9,488.5
2026-09-22T02:30,327.9,483.3
2026-09-22T02:45,325.0,485.0
2026-09-22T03:00,349.1,516.1
2026-09-22T03:15,314.6,487.6
2026-09-22T03:30,316.7,494.9
2026-09-22T03:45,338.2,508.6
2026-09-22T04:00,322.4,492.3
2026-09-22T04:15,335.2,505.1
2026-09-22T04:30,319.6,492.1
2026-09-22T04:45,304.0,473.9
2026-09-22T05:00,328.1,481.6
2026-09-22T05:15,326.4,503.1
2026-09-22T05:30,308.0,471.6
2026-09-22T05:45,328.6,504.1
2026-09-22T06:00,317.6,493.0
2026-09-22T06:15,355.0,529.6
2026-09-22T06:30,369.2,532.3
2026-09-22T06:45,360.9,555.7
2026-09-22T07:00,402.4,584.3
2026-09-22T07:15,412.0,600.9
2026-09-22T07:30,398.8,616.5
2026-09-22T07:45,404.3,639.9
2026-09-22T08:00,443.7,675.5
2026-09-22T08:15,415.6,645.8
2026-09-22T08:30,468.0,692.7
2026-09-22T08:45,467.2,724.3
2026-09-22T09:00,482.3,739.1
2026-09-22T09:15,497.2,738.6
2026-09-22T09:30,497.3,760.4
2026-09-22T09:45,472.6,739.2
2026-09-22T10:00,507.3,788.7
2026-09-22T10:15,511.7,765.0
2026-09-22T10:30,524.1,793.0
2026-09-22T10:45,512.0,802.5
2026-09-22T11:00,532.4,823.9
2026-09-22T11:15,551.7,848.8
2026-09-22T11:30,536.0,827.5
2026-09-22T11:45,561.8,853.6
2026-09-22T12:00,529.9,821.7
2026-09-22T12:15,557.9,869.6
2026-09-22T12:30,519.6,835.7
2026-09-22T12:45,566.5,856.2
2026-09-22T13:00,552.7,868.3
2026-09-22T13:15,525.5,832.1
2026-09-22T13:30,551.0,857.3
2026-09-22T13:45,528.5,844.8
2026-09-22T14:00,525.7,843.6
2026-09-22T14:15,528.0,847.7
2026-09-22T14:30,548.0,817.3
2026-09-22T14:45,511.3,803.8
2026-09-22T15:00,509.2,819.2
2026-09-22T15:15,537.4,803.1
2026-09-22T15:30,517.8,813.3
2026-09-22T15:45,496.5,783.1
2026-09-22T16:00,505.4,793.2
2026-09-22T16:15,525.5,776.3
2026-09-22T16:30,486.1,738.9
2026-09-22T16:45,490.2,750.5
2026-09-22T17:00,473.3,740.9
2026-09-22T17:15,452.3,701.9
2026-09-22T17:30,460.7,676.0
2026-09-22T17:45,418.6,647.1
2026-09-22T18:00,434.0,675.4
2026-09-22T18:15,436.2,641.3
2026-09-22T18:30,385.6,600.7
2026-09-22T18:45,382.9,603.6
2026-09-22T19:00,397.6,580.5
2026-09-22T19:15,395.6,575.6
2026-09-22T19:30,365.1,534.4
2026-09-22T19:45,364.8,538.2
2026-09-22T20:00,329.5,482.7
2026-09-22T20:15,328.5,495.7
2026-09-22T20:30,328.2,478.2
2026-09-22T20:45,321.8,503.4
2026-09-22T21:00,307.0,480.1
2026-09-22T21:15,338.2,497.2
2026-09-22T21:30,315.8,487.1
2026-09-22T21:45,329.8,489.5
2026-09-22T22:00,303.2,472.4
2026-09-22T22:15,347.9,503.1
2026-09-22T22:30,319.9,498.6
2026-09-22T22:45,323.6,495.6
2026-09-22T23:00,324.5,497.1
2026-09-22T23:15,335.5,482.9
2026-09-22T23:30,323.9,488.0
2026-09-22T23:45,345.0,519.8
2026-09-23T00:00,317.8,486.8
2026-09-23T00:15,328.4,477.9
2026-09-23T00:30,347.8,517.1
2026-09-23T00:45,322.5,501.1
2026-09-23T01:00,311.9,473.3
2026-09-23T01:15,321.5,473.0
2026-09-23T01:30,347.7,505.5
2026-09-23T01:45,326.1,489.0
2026-09-23T02:00,313.2,473.0
2026-09-23T02:15,335.2,515.4
2026-09-23T02:30,334.2,499.1
2026-09-23T02:45,315.3,481.7
2026-09-23T03:00,326.4,475.1
2026-09-23T03:15,353.1,513.6
2026-09-23T03:30,328.8,515.0
2026-09-23T03:45,311.0,475.1
2026-09-23T04:00,323.6,477.3
2026-09-23T04:15,328.7,500.1
2026-09-23T04:30,331.5,519.7
2026-09-23T04:45,311.2,480.6
2026-09-23T05:00,309.5,472.6
2026-09-23T05:15,350.3,503.5
2026-09-23T05:30,323.4,497.3
2026-09-23T05:45,332.5,495.9
2026-09-23T06:00,324.5,479.2
2026-09-23T06:15,361.2,534.1
2026-09-23T06:30,344.7,515.9
2026-09-23T06:45,391.4,578.7
2026-09-23T07:00,367.3,567.4
2026-09-23T07:15,394.6,609.1
2026-09-23T07:30,437.5,637.4
2026-09-23T07:45,405.4,636.9
2026-09-23T08:00,432.5,656.7
2026-09-23T08:15,405.3,644.7
2026-09-23T08:30,446.1,685.0
2026-09-23T08:45,458.5,684.8
2026-09-23T09:00,463.4,726.6
2026-09-23T09:15,491.0,748.8
2026-09-23T09:30,489.2,742.7
2026-09-23T09:45,463.3,744.8
2026-09-23T10:00,509.7,785.5
2026-09-23T10:15,503.0,781.8
2026-09-23T10:30,504.0,807.0
2026-09-23T10:45,510.4,817.1
2026-09-23T11:00,531.0,840.8
2026-09-23T11:15,543.3,833.4
2026-09-23T11:30,507.0,814.1
2026-09-23T11:45,579.9,862.3
2026-09-23T12:00,574.6,863.5
2026-09-23T12:15,551.6,871.1
2026-09-23T12:30,522.6,837.8
2026-09-23T12:45,526.1,846.6
2026-09-23T13:00,557.8,849.4
2026-09-23T13:15,527.6,854.9
2026-09-23T13:30,547.8,870.0
2026-09-23T13:45,537.3,869.5
2026-09-23T14:00,518.1,821.6
2026-09-23T14:15,567.8,848.0
2026-09-23T14:30,553.7,836.9
2026-09-23T14:45,510.1,804.8
2026-09-23T15:00,513.5,816.6
2026-09-23T15:15,487.3,787.6
2026-09-23T15:30,492.5,784.0
2026-09-23T15:45,483.0,780.8
2026-09-23T16:00,521.9,781.0
2026-09-23T16:15,491.0,772.2
2026-09-23T16:30,502.0,749.1
2026-09-23T16:45,475.6,725.1
2026-09-23T17:00,457.0,713.7
2026-09-23T17:15,470.3,698.7
2026-09-23T17:30,441.5,701.1
2026-09-23T17:45,456.8,678.6
2026-09-23T18:00,416.8,657.0
2026-09-23T18:15,424.3,652.7
2026-09-23T18:30,408.9,612.8
2026-09-23T18:45,368.8,581.6
2026-09-23T19:00,400.3,598.0
2026-09-23T19:15,339.8,535.5
2026-09-23T19:30,348.7,547.2
2026-09-23T19:45,357.1,539.0
2026-09-23T20:00,342.2,506.3
2026-09-23T20:15,342.3,517.1
2026-09-23T20:30,342.4,514.4
2026-09-23T20:45,324.3,487.1
2026-09-23T21:00,316.1,483.2
2026-09-23T21:15,347.7,504.9
2026-09-23T21:30,319.0,476.7
2026-09-23T21:45,338.6,504.0
2026-09-23T22:00,344.8,506.8
2026-09-23T22:15,316.5,494.1
2026-09-23T22:30,331.4,509.3
2026-09-23T22:45,328.5,476.0
2026-09-23T23:00,340.1,514.1
2026-09-23T23:15,325.2,494.3
2026-09-23T23:30,339.7,509.0
2026-09-23T23:45,356.2,516.3
2026-09-24T00:00,327.4,481.9
2026-09-24T00:15,332.5,497.2
2026-09-24T00:30,305.4,477.1
2026-09-24T00:45,318.1,478.5
2026-09-24T01:00,342.8,496.6
2026-09-24T01:15,326.8,504.4
2026-09-24T01:30,340.5,489.8
2026-09-24T01:45,309.8,476.9
2026-09-24T02:00,338.6,490.0
2026-09-24T02:15,333.0,484.7
2026-09-24T02:30,321.8,503.3
2026-09-24T02:45,324.0,475.7
2026-09-24T03:00,323.9,497.8
2026-09-24T03:15,332.1,492.5
2026-09-24T03:30,332.6,480.3
2026-09-24T03:45,319.5,495.1
2026-09-24T04:00,309.0,481.9
2026-09-24T04:15,324.7,489.0
2026-09-24T04:30,337.1,493.9
2026-09-24T04:45,313.3,487.4
2026-09-24T05:00,345.6,495.9
2026-09-24T05:15,320.4,477.3
2026-09-24T05:30,343.7,494.5
2026-09-24T05:45,332.8,478.0
2026-09-24T06:00,310.7,487.2
2026-09-24T06:15,344.3,522.4
2026-09-24T06:30,382.4,554.6
2026-09-24T06:45,391.4,570.1
2026-09-24T07:00,372.9,572.4
2026-09-24T07:15,401.5,589.5
2026-09-24T07:30,388.9,593.5
2026-09-24T07:45,419.0,627.0
2026-09-24T08:00,436.7,674.4
2026-09-24T08:15,433.8,674.1
2026-09-24T08:30,449.4,698.8
2026-09-24T08:45,470.1,702.6
2026-09-24T09:00,453.3,704.4
2026-09-24T09:15,499.0,750.8
2026-09-24T09:30,517.5,772.2
2026-09-24T09:45,499.7,761.5
2026-09-24T10:00,500.8,780.1
2026-09-24T10:15,534.7,796.6
2026-09-24T10:30,521.6,796.7
2026-09-24T10:45,509.9,799.6
2026-09-24T11:00,498.2,795.9
2026-09-24T11:15,550.3,844.2
2026-09-24T11:30,536.1,855.3
2026-09-24T11:45,560.0,858.5
2026-09-24T12:00,536.8,856.2
2026-09-24T12:15,550.9,867.9
2026-09-24T12:30,546.2,875.0
2026-09-24T12:45,549.9,872.7
2026-09-24T13:00,523.3,851.3
2026-09-24T13:15,553.3,874.8
2026-09-24T13:30,559.5,873.1
2026-09-24T13:45,533.1,856.1
2026-09-24T14:00,530.0,821.4
2026-09-24T14:15,541.5,844.3
2026-09-24T14:30,541.1,814.2
2026-09-24T14:45,541.1,808.6
2026-09-24T15:00,512.0,816.6
2026-09-24T15:15,548.8,833.7
2026-09-24T15:30,536.6,810.9
2026-09-24T15:45,516.4,786.0
2026-09-24T16:00,493.1,769.4
2026-09-24T16:15,494.6,748.1
2026-09-24T16:30,456.8,728.0
2026-09-24T16:45,511.1,759.7
2026-09-24T17:00,465.9,731.2
2026-09-24T17:15,473.0,726.5
2026-09-24T17:30,454.3,701.1
2026-09-24T17:45,440.3,693.8
2026-09-24T18:00,417.2,663.8
2026-09-24T18:15,433.3,649.5
2026-09-24T18:30,399.4,627.3
2026-09-24T18:45,400.5,616.4
2026-09-24T19:00,361.4,553.7
2026-09-24T19:15,376.7,560.5
2026-09-24T19:30,347.6,512.0
2026-09-24T19:45,356.8,533.7
2026-09-24T20:00,317.7,471.0
2026-09-24T20:15,328.8,497.1
2026-09-24T20:30,354.5,512.0
2026-09-24T20:45,311.9,480.4
2026-09-24T21:00,337.4,493.7
2026-09-24T21:15,316.1,495.5
2026-09-24T21:30,352.3,506.8
2026-09-24T21:45,355.6,515.0
2026-09-24T22:00,307.1,471.3
2026-09-24T22:15,329.8,483.9
2026-09-24T22:30,314.0,476.4
2026-09-24T22:45,310.5,480.1
2026-09-24T23:00,353.7,512.6
2026-09-24T23:15,308.4,478.1
2026-09-24T23:30,325.2,485.0
2026-09-24T23:45,327.2,488.7
2026-09-25T00:00,339.4,518.3
2026-09-25T00:15,349.8,504.6
2026-09-25T00:30,312.4,476.6
2026-09-25T00:45,337.9,507.8
2026-09-25T01:00,310.2,481.4
2026-09-25T01:15,332.3,509.1
2026-09-25T01:30,335.7,502.3
2026-09-25T01:45,328.8,510.1
2026-09-25T02:00,329.4,506.3
2026-09-25T02:15,334.6,513.3
2026-09-25T02:30,334.6,500.0
2026-09-25T02:45,319.0,476.6
2026-09-25T03:00,346.0,498.1
2026-09-25T03:15,322.5,498.7
2026-09-25T03:30,317.7,496.0
2026-09-25T03:45,343.6,506.3
2026-09-25T04:00,323.5,506.8
2026-09-25T04:15,317.4,480.6
2026-09-25T04:30,329.4,516.1
2026-09-25T04:45,330.6,501.3
2026-09-25T05:00,337.6,508.6
2026-09-25T05:15,348.1,518.7
2026-09-25T05:30,312.4,473.5
2026-09-25T05:45,329.5,495.0
2026-09-25T06:00,319.1,493.3
2026-09-25T06:15,336.1,520.1
2026-09-25T06:30,342.2,533.8
2026-09-25T06:45,353.8,552.0
2026-09-25T07:00,384.5,559.6
2026-09-25T07:15,400.3,595.2
2026-09-25T07:30,413.8,633.7
2026-09-25T07:45,438.2,640.1
2026-09-25T08:00,441.4,644.6
2026-09-25T08:15,455.9,669.2
2026-09-25T08:30,453.2,672.8
2026-09-25T08:45,456.3,700.3
2026-09-25T09:00,473.3,721.4
2026-09-25T09:15,494.4,758.1
2026-09-25T09:30,492.1,736.7
2026-09-25T09:45,513.0,781.4
2026-09-25T10:00,511.8,764.6
2026-09-25T10:15,500.6,792.2
2026-09-25T10:30,535.9,822.8
2026-09-25T10:45,490.5,785.4
2026-09-25T11:00,535.1,808.2
2026-09-25T11:15,546.5,825.2
2026-09-25T11:30,520.1,832.6
2026-09-25T11:45,565.0,864.7
2026-09-25T12:00,552.2,862.8
2026-09-25T12:15,526.8,833.5
2026-09-25T12:30,540.8,835.8
2026-09-25T12:45,528.5,835.7
2026-09-25T13:00,551.5,876.4
2026-09-25T13:15,554.7,835.2
2026-09-25T13:30,517.0,831.6
2026-09-25T13:45,559.7,853.2
2026-09-25T14:00,556.0,859.1
2026-09-25T14:15,530.2,850.6
2026-09-25T14:30,532.8,856.5
2026-09-25T14:45,521.8,817.0
2026-09-25T15:00,551.2,820.9
2026-09-25T15:15,532.0,803.0
2026-09-25T15:30,533.4,813.8
2026-09-25T15:45,529.5,788.7
2026-09-25T16:00,494.5,761.9
2026-09-25T16:15,508.4,779.8
2026-09-25T16:30,463.3,733.0
2026-09-25T16:45,491.5,738.1
2026-09-25T17:00,440.8,696.4
2026-09-25T17:15,438.6,682.6
2026-09-25T17:30,477.8,700.3
2026-09-25T17:45,445.2,690.3
2026-09-25T18:00,410.6,652.7
2026-09-25T18:15,419.8,647.3
2026-09-25T18:30,429.3,623.5
2026-09-25T18:45,421.2,611.9
2026-09-25T19:00,375.7,582.4
2026-09-25T19:15,348.0,542.0
2026-09-25T19:30,365.2,528.3
2026-09-25T19:45,360.2,521.6
2026-09-25T20:00,321.3,494.5
2026-09-25T20:15,310.0,483.1
2026-09-25T20:30,322.7,485.3
2026-09-25T20:45,326.9,475.8
2026-09-25T21:00,314.1,471.1
2026-09-25T21:15,323.5,477.1
2026-09-25T21:30,309.4,474.3
2026-09-25T21:45,336.5,515.3
2026-09-25T22:00,336.9,509.9
2026-09-25T22:15,317.9,488.4
2026-09-25T22:30,334.7,488.2
2026-09-25T22:45,316.6,480.9
2026-09-25T23:00,331.4,475.7
2026-09-25T23:15,310.6,472.7
2026-09-25T23:30,343.6,500.7
2026-09-25T23:45,345.8,514.5
2026-09-26T00:00,332.3,492.2
2026-09-26T00:15,310.6,474.4
2026-09-26T00:30,346.2,497.2
2026-09-26T00:45,334.3,512.1
2026-09-26T01:00,335.8,496.7
2026-09-26T01:15,325.4,505.2
2026-09-26T01:30,345.2,514.4
2026-09-26T01:45,322.2,490.0
2026-09-26T02:00,331.7,500.8
2026-09-26T02:15,313.6,473.0
2026-09-26T02:30,333.4,491.0
2026-09-26T02:45,320.4,490.4
2026-09-26T03:00,348.9,500.9
2026-09-26T03:15,344.3,496.8
2026-09-26T03:30,308.8,480.9
2026-09-26T03:45,335.5,482.5
2026-09-26T04:00,341.7,497.9
2026-09-26T04:15,310.5,482.9
2026-09-26T04:30,338.1,500.3
2026-09-26T04:45,309.1,483.2
2026-09-26T05:00,354.3,513.1
2026-09-26T05:15,329.8,509.1
2026-09-26T05:30,340.0,513.2
2026-09-26T05:45,340.1,498.6
2026-09-26T06:00,320.1,483.7
2026-09-26T06:15,368.3,537.9
2026-09-26T06:30,359.9,542.7
2026-09-26T06:45,383.0,562.5
2026-09-26T07:00,352.5,558.0
2026-09-26T07:15,412.8,602.4
2026-09-26T07:30,431.7,630.7
2026-09-26T07:45,401.9,623.6
2026-09-26T08:00,424.4,673.9
2026-09-26T08:15,427.5,658.5
2026-09-26T08:30,450.3,670.4
2026-09-26T08:45,458.6,686.1
2026-09-26T09:00,477.6,724.5
2026-09-26T09:15,460.5,731.1
2026-09-26T09:30,479.3,725.6
2026-09-26T09:45,496.7,747.0
2026-09-26T10:00,507.0,777.0
2026-09-26T10:15,527.2,806.1
2026-09-26T10:30,481.9,777.3
2026-09-26T10:45,516.3,832.0
2026-09-26T11:00,497.0,801.9
2026-09-26T11:15,543.2,848.2
2026-09-26T11:30,554.7,839.4
2026-09-26T11:45,543.3,829.8
2026-09-26T12:00,540.6,829.9
2026-09-26T12:15,551.0,825.1
2026-09-26T12:30,528.9,845.2
2026-09-26T12:45,577.7,876.4
2026-09-26T13:00,537.9,875.4
2026-09-26T13:15,520.5,845.4
2026-09-26T13:30,566.3,872.4
2026-09-26T13:45,528.8,855.8
2026-09-26T14:00,551.0,824.9
2026-09-26T14:15,528.5,825.3
2026-09-26T14:30,531.1,823.7
2026-09-26T14:45,526.1,804.6
2026-09-26T15:00,543.1,835.3
2026-09-26T15:15,538.9,806.0
2026-09-26T15:30,491.7,786.0
2026-09-26T15:45,527.1,782.0
2026-09-26T16:00,507.7,775.4
2026-09-26T16:15,480.9,763.6
2026-09-26T16:30,460.3,732.7
2026-09-26T16:45,486.6,721.2
2026-09-26T17:00,458.1,716.5
2026-09-26T17:15,430.0,680.4
2026-09-26T17:30,479.1,708.0
2026-09-26T17:45,458.3,674.3
2026-09-26T18:00,416.4,637.1
2026-09-26T18:15,397.8,608.5
2026-09-26T18:30,405.1,600.7
2026-09-26T18:45,405.3,599.0
2026-09-26T19:00,378.6,552.2
2026-09-26T19:15,363.5,536.1
2026-09-26T19:30,349.5,540.0
2026-09-26T19:45,341.1,517.7
2026-09-26T20:00,332.0,498.6
2026-09-26T20:15,320.3,486.7
2026-09-26T20:30,316.0,485.3
2026-09-26T20:45,324.8,483.8
2026-09-26T21:00,319.3,499.0
2026-09-26T21:15,307.5,476.9
2026-09-26T21:30,322.3,475.4
2026-09-26T21:45,326.4,502.2
2026-09-26T22:00,319.0,496.0
2026-09-26T22:15,354.9,517.3
2026-09-26T22:30,325.0,475.6
2026-09-26T22:45,331.2,498.2
2026-09-26T23:00,346.3,500.1
2026-09-26T23:15,314.1,472.5
2026-09-26T23:30,345.7,515.4
2026-09-26T23:45,315.7,471.7
2026-09-27T00:00,317.6,479.5
2026-09-27T00:15,318.6,477.0
2026-09-27T00:30,347.3,501.3
2026-09-27T00:45,312.5,486.0
2026-09-27T01:00,318.2,474.4
2026-09-27T01:15,313.1,480.9
2026-09-27T01:30,330.3,510.7
2026-09-27T01:45,332.5,509.3
2026-09-27T02:00,338.4,498.5
2026-09-27T02:15,345.5,519.0
2026-09-27T02:30,326.7,475.5
2026-09-27T02:45,345.4,512.4
2026-09-27T03:00,331.9,497.1
2026-09-27T03:15,322.0,486.0
2026-09-27T03:30,328.0,490.5
2026-09-27T03:45,338.4,505.3
2026-09-27T04:00,322.1,480.5
2026-09-27T04:15,333.4,511.6
2026-09-27T04:30,337.7,502.4
2026-09-27T04:45,332.3,510.9
2026-09-27T05:00,322.2,488.1
2026-09-27T05:15,339.3,504.6
2026-09-27T05:30,318.9,480.5
2026-09-27T05:45,328.1,491.5
2026-09-27T06:00,324.8,503.4
2026-09-27T06:15,342.8,497.5
2026-09-27T06:30,348.8,526.2
2026-09-27T06:45,355.4,535.2
2026-09-27T07:00,374.9,568.1
2026-09-27T07:15,391.1,606.9
2026-09-27T07:30,426.5,630.4
2026-09-27T07:45,423.3,644.8
2026-09-27T08:00,424.6,631.6
2026-09-27T08:15,455.3,691.7
2026-09-27T08:30,485.5,710.0
2026-09-27T08:45,436.2,685.7
2026-09-27T09:00,472.7,728.8
2026-09-27T09:15,459.9,727.7
2026-09-27T09:30,510.5,753.8
2026-09-27T09:45,499.7,748.1
2026-09-27T10:00,523.0,788.9
2026-09-27T10:15,495.5,781.0
2026-09-27T10:30,494.9,791.8
2026-09-27T10:45,529.7,811.7
2026-09-27T11:00,529.3,821.0
2026-09-27T11:15,512.6,811.7
2026-09-27T11:30,564.8,847.1
2026-09-27T11:45,525.0,854.3
2026-09-27T12:00,566.9,854.5
2026-09-27T12:15,520.6,845.6
2026-09-27T12:30,527.3,838.0
2026-09-27T12:45,545.2,841.0
2026-09-27T13:00,550.7,877.0
2026-09-27T13:15,538.6,835.0
2026-09-27T13:30,540.7,862.1
2026-09-27T13:45,541.8,860.0
2026-09-27T14:00,532.1,850.7
2026-09-27T14:15,562.1,861.5
2026-09-27T14:30,540.9,841.2
2026-09-27T14:45,521.1,842.4
2026-09-27T15:00,536.6,842.4
2026-09-27T15:15,532.7,805.5
2026-09-27T15:30,511.4,816.6
2026-09-27T15:45,521.3,786.8
2026-09-27T16:00,495.2,763.9
2026-09-27T16:15,507.8,753.1
2026-09-27T16:30,483.5,743.5
2026-09-27T16:45,459.4,728.3
2026-09-27T17:00,477.6,715.2
2026-09-27T17:15,439.0,694.4
2026-09-27T17:30,442.9,696.0
2026-09-27T17:45,412.7,652.8
2026-09-27T18:00,601.0,671.8
2026-09-27T18:15,563.9,626.6
2026-09-27T18:30,565.9,625.6
2026-09-27T18:45,541.1,603.0
2026-09-27T19:00,534.0,592.0
2026-09-27T19:15,498.8,555.9
2026-09-27T19:30,460.7,513.6
2026-09-27T19:45,476.8,537.3
2026-09-27T20:00,456.1,507.7
2026-09-27T20:15,441.3,486.8
2026-09-27T20:30,432.4,481.4
2026-09-27T20:45,439.2,480.8
2026-09-27T21:00,456.2,500.2
2026-09-27T21:15,418.9,473.6
2026-09-27T21:30,444.2,489.3
2026-09-27T21:45,427.6,478.3
2026-09-27T22:00,461.8,515.5
2026-09-27T22:15,452.2,496.5
2026-09-27T22:30,457.9,513.3
2026-09-27T22:45,435.9,474.4
2026-09-27T23:00,461.5,514.7
2026-09-27T23:15,437.7,477.0
2026-09-27T23:30,450.3,503.2
2026-09-27T23:45,451.0,503.0
